"section","metric","value","unit","note"
"Baseline IPC Comparison","PIPE median latency","44.293126","ms",""
"Baseline IPC Comparison","PIPE median throughput","2257.686667","MB/s",""
"Baseline IPC Comparison","FIFO median latency","49.855335","ms",""
"Baseline IPC Comparison","FIFO median throughput","2005.803391","MB/s",""
"Baseline IPC Comparison","SOCKET median latency","9.895822","ms","lowest baseline latency"
"Baseline IPC Comparison","SOCKET median throughput","10105.274731","MB/s",""
"Baseline IPC Comparison","SHM median latency","53.883599","ms",""
"Baseline IPC Comparison","SHM median throughput","1855.852279","MB/s",""
"Baseline IPC Comparison","Baseline latency winner","SOCKET","","100 MB, 64 KB baseline experiment"
"Chunk-Size Optimization","PIPE best chunk","16","KB",""
"Chunk-Size Optimization","PIPE latency improvement","55.680507","%",""
"Chunk-Size Optimization","PIPE throughput improvement","125.634351","%",""
"Chunk-Size Optimization","FIFO best chunk","16","KB",""
"Chunk-Size Optimization","FIFO latency improvement","43.523816","%",""
"Chunk-Size Optimization","FIFO throughput improvement","77.065787","%",""
"Chunk-Size Optimization","SOCKET best chunk","256","KB",""
"Chunk-Size Optimization","SOCKET latency improvement","8.105553","%",""
"Chunk-Size Optimization","SOCKET throughput improvement","8.820503","%",""
"Chunk-Size Optimization","SHM best chunk","1024","KB",""
"Chunk-Size Optimization","SHM latency improvement","82.833448","%",""
"Chunk-Size Optimization","SHM throughput improvement","482.528146","%",""
"SHM Synchronization Optimization","Baseline median latency","45.752234","ms",""
"SHM Synchronization Optimization","SHM-RING median latency","5.635034","ms",""
"SHM Synchronization Optimization","Latency reduction","87.683587","%",""
"SHM Synchronization Optimization","Throughput improvement","723.734577","%",""
"SHM Synchronization Optimization","System CPU reduction","95.074303","%",""
"SHM Synchronization Optimization","Voluntary context-switch reduction","88.686983","%",""
"System-Call Reduction","total_syscalls","3299 -> 2589","","21.521673% reduction"
"System-Call Reduction","total_errors","1559 -> 295","","81.077614% reduction"
"System-Call Reduction","futex_calls","3238 -> 2528","","21.927116% reduction"
"System-Call Reduction","futex_errors","1558 -> 294","","81.129653% reduction"
"Adaptive Workload Selection","1 MB workload","FIFO / 4 KB","","SMALL, median 0.276459 ms, 3617.172779 MB/s"
"Adaptive Workload Selection","10 MB workload","SHM-RING / 64 KB","","MEDIUM, median 0.892797 ms, 10956.601833 MB/s"
"Adaptive Workload Selection","100 MB workload","SHM-RING / 64 KB","","LARGE, median 5.609124 ms, 17515.551116 MB/s"
"Adaptive Workload Selection","500 MB workload","SHM-RING / 64 KB","","VERY-LARGE, median 31.428255 ms, 16019.300925 MB/s"
"Data Integrity","FIFO 10 MB / 64 KB","PASS","","sent=10485760 received=10485760 checksum=0xeb0d3fb8b7e22325"
"Data Integrity","PIPE 10 MB / 64 KB","PASS","","sent=10485760 received=10485760 checksum=0xeb0d3fb8b7e22325"
"Data Integrity","SHM-RING 100 MB / 64 KB","PASS","","sent=104857600 received=104857600 checksum=0x4db2d92e89a22325"
"Data Integrity","SHM-RING 10 MB / 64 KB","PASS","","sent=10485760 received=10485760 checksum=0xeb0d3fb8b7e22325"
"Data Integrity","SHM 10 MB / 64 KB","PASS","","sent=10485760 received=10485760 checksum=0xeb0d3fb8b7e22325"
"Data Integrity","SOCKET 10 MB / 64 KB","PASS","","sent=10485760 received=10485760 checksum=0xeb0d3fb8b7e22325"
"Data Integrity","Verification passes","6/6","","all recorded integrity tests passed"
"SHM Ring Slot Sweep","Controlled sweep candidate","16","slots","microbenchmark candidate only"
"SHM Ring Slot Sweep","Candidate median latency","3.849173","ms",""
"SHM Ring Slot Sweep","Candidate median throughput","25979.606528","MB/s",""
"SHM Ring Slot Sweep","Interpretation","CONTROLLED MICROBENCHMARK","","do not equate slot-sweep selection with automatic production adoption"
"CPU Affinity / Scheduler Analysis","Best measured mode","SAME-CPU","","experimental candidate"
"CPU Affinity / Scheduler Analysis","Selected median latency","4.825617","ms",""
"CPU Affinity / Scheduler Analysis","Selected median throughput","20722.738665","MB/s",""
"CPU Affinity / Scheduler Analysis","Latency reduction vs unpinned","21.803691","%",""
"CPU Affinity / Scheduler Analysis","Throughput improvement vs unpinned","27.883274","%",""
"CPU Affinity / Scheduler Analysis","Selected voluntary context switches","1566.400000","switches",""
"CPU Affinity / Scheduler Analysis","Selected involuntary context switches","1553.600000","switches",""
"CPU Affinity / Scheduler Analysis","Production interpretation","EXPERIMENTAL","","affinity result is hardware, kernel, topology and workload dependent"
"Virtual Memory / Page Faults","Critical-path winner","PREFAULT","",""
"Virtual Memory / Page Faults","Critical-path latency","9.150168","ms",""
"Virtual Memory / Page Faults","Critical-path reduction vs demand","81.875598","%",""
"Virtual Memory / Page Faults","Demand timed minor faults","25600.000000","faults",""
"Virtual Memory / Page Faults","Critical winner setup minor faults","25600.000000","faults",""
"Virtual Memory / Page Faults","Critical winner timed minor faults","0.000000","faults","fault work may have shifted into setup"
"Virtual Memory / Page Faults","Strategy-total winner","MADVISE-WILLNEED","","measured total of strategy setup + timed workload"
"Virtual Memory / Page Faults","Strategy-total latency","44.106901","ms",""
"Virtual Memory / Page Faults","Strategy-total reduction vs demand","12.634468","%","measured result, not proof of page pre-population"
"Virtual Memory / Page Faults","MADV_WILLNEED fault behavior","NO MATERIAL PREFAULTING OBSERVED","","timed minor-fault count remained approximately equal to DEMAND"
"Virtual Memory / Page Faults","Demand major faults","0.000000","faults",""
"Experimental Environment","Operating system","Ubuntu 26.04 LTS","",""
"Experimental Environment","Kernel","6.18.33.2-microsoft-standard-WSL2","",""
"Experimental Environment","Architecture","x86_64","",""
"Experimental Environment","WSL detected","YES","",""
"Experimental Environment","CPU","12th Gen Intel(R) Core(TM) i5-12500H","",""
"Experimental Environment","Logical CPUs","16","",""
"Experimental Environment","Page size","4096","bytes",""
"Experimental Environment","Compiler","GCC 15.2.0","",""
"Experimental Environment","C standard","C11","",""
"Experimental Environment","Optimization","Enabled","","-O2 -Wall -Wextra -Wpedantic -std=c11 -D_POSIX_C_SOURCE=200809L -pthread"
"Reproducibility Evidence","TXT manifests available","2","manifests",""
"Reproducibility Evidence","CLEAN manifests available","2","manifests",""
"Reproducibility Evidence","Manifest policy","ENABLED","","important experiments record command, commit, branch, source state and result files"
"Reproducibility Evidence","Manifest count timing","AT SUMMARY GENERATION","","this final-summary command's own manifest is recorded after the summary is generated"
"Scientific Interpretation Notes","Baseline vs optimized results","SEPARATE EXPERIMENTS","","do not mix conditions when claiming speedups"
"Scientific Interpretation Notes","strace timing","NOT PRIMARY PERFORMANCE EVIDENCE","","system-call tracing changes wall-clock behavior"
"Scientific Interpretation Notes","Ring-slot sweep","CONTROLLED MICROBENCHMARK","","candidate selection is not automatic production adoption"
"Scientific Interpretation Notes","CPU affinity","EXPERIMENTAL","","scheduler placement may change across hardware, kernels and workloads"
"Scientific Interpretation Notes","Pre-faulting","WORK SHIFT","","page-fault work can move from the timed critical path into setup"
"Scientific Interpretation Notes","MADV_WILLNEED","KERNEL HINT","","a successful call does not guarantee page pre-population"
"Summary Generation Status","Status","COMPLETE","","all expected result sections were found"
